,ALL_OGHBC,ALL_gibbon,OGHBC_GHBC,OGHBC_O,GHBC_HBC,GHBC_gorilla,HBC_BC,HBC_human,BC_bonobo,BC_chimp,O_sorang,O_borang
tg_ttt,752.0,666.0,880.0,886.0,269.0,468.0,371.0,356.0,128.0,121.0,72.0,72.0
tg_ttg,450.0,279.0,409.0,386.0,133.0,206.0,147.0,178.0,44.0,56.0,35.0,28.0
tg_ttc,331.0,217.0,287.0,304.0,103.0,160.0,116.0,133.0,43.0,49.0,20.0,31.0
tg_tta,492.0,316.0,481.0,474.0,121.0,264.0,160.0,159.0,66.0,58.0,30.0,28.0
tg_gtt,436.0,281.0,423.0,363.0,119.0,179.0,146.0,149.0,57.0,63.0,30.0,39.0
tg_gtg,352.0,296.0,346.0,357.0,120.0,154.0,135.0,125.0,46.0,48.0,27.0,22.0
tg_gtc,206.0,175.0,185.0,196.0,69.0,130.0,83.0,92.0,30.0,37.0,23.0,28.0
tg_gta,400.0,246.0,375.0,323.0,103.0,153.0,129.0,125.0,38.0,54.0,27.0,36.0
tg_ctt,263.0,244.0,287.0,288.0,98.0,165.0,110.0,108.0,41.0,38.0,21.0,28.0
tg_ctg,204.0,146.0,162.0,220.0,67.0,127.0,92.0,96.0,23.0,21.0,12.0,22.0
tg_ctc,48.0,132.0,100.0,130.0,59.0,106.0,51.0,70.0,27.0,24.0,17.0,9.0
tg_cta,211.0,137.0,180.0,186.0,52.0,99.0,81.0,73.0,35.0,24.0,22.0,19.0
tg_att,514.0,345.0,458.0,428.0,137.0,233.0,170.0,171.0,60.0,66.0,31.0,27.0
tg_atg,423.0,261.0,344.0,310.0,103.0,151.0,123.0,123.0,45.0,43.0,22.0,25.0
tg_atc,228.0,156.0,185.0,177.0,47.0,88.0,66.0,56.0,29.0,21.0,13.0,8.0
tg_ata,683.0,324.0,444.0,402.0,135.0,174.0,166.0,149.0,61.0,65.0,39.0,35.0
tc_ttt,1399.0,1066.0,1308.0,1301.0,398.0,762.0,499.0,507.0,158.0,147.0,89.0,101.0
tc_ttg,659.0,634.0,743.0,807.0,261.0,530.0,279.0,293.0,130.0,91.0,71.0,85.0
tc_ttc,1237.0,720.0,887.0,830.0,287.0,457.0,315.0,321.0,131.0,115.0,76.0,61.0
tc_tta,1339.0,1208.0,1500.0,1523.0,428.0,886.0,532.0,599.0,206.0,179.0,131.0,148.0
tc_gtt,648.0,664.0,775.0,879.0,279.0,539.0,321.0,292.0,107.0,108.0,70.0,68.0
tc_gtg,423.0,576.0,643.0,648.0,286.0,489.0,274.0,311.0,99.0,95.0,87.0,92.0
tc_gtc,617.0,613.0,679.0,676.0,279.0,441.0,262.0,293.0,94.0,102.0,82.0,68.0
tc_gta,748.0,956.0,1074.0,1217.0,457.0,846.0,501.0,542.0,159.0,162.0,132.0,127.0
tc_ctt,1298.0,756.0,919.0,914.0,272.0,459.0,286.0,331.0,124.0,144.0,75.0,75.0
tc_ctg,614.0,612.0,680.0,701.0,249.0,440.0,294.0,293.0,119.0,110.0,74.0,85.0
tc_ctc,1036.0,571.0,654.0,635.0,189.0,325.0,204.0,216.0,84.0,84.0,75.0,70.0
tc_cta,1226.0,722.0,995.0,843.0,253.0,443.0,335.0,327.0,111.0,106.0,81.0,68.0
tc_att,1426.0,1195.0,1502.0,1564.0,433.0,907.0,558.0,576.0,188.0,183.0,105.0,124.0
tc_atg,801.0,922.0,1085.0,1243.0,432.0,879.0,509.0,536.0,204.0,196.0,109.0,108.0
tc_atc,1239.0,704.0,859.0,828.0,235.0,460.0,303.0,310.0,100.0,105.0,65.0,64.0
tc_ata,2251.0,1846.0,2329.0,2388.0,681.0,1385.0,850.0,917.0,321.0,314.0,178.0,182.0
ta_ttt,475.0,441.0,546.0,511.0,169.0,253.0,192.0,198.0,65.0,57.0,45.0,37.0
ta_ttg,267.0,191.0,265.0,213.0,82.0,113.0,81.0,78.0,37.0,30.0,20.0,26.0
ta_ttc,293.0,252.0,288.0,309.0,104.0,119.0,114.0,83.0,45.0,39.0,18.0,20.0
ta_tta,386.0,330.0,396.0,437.0,122.0,207.0,182.0,151.0,54.0,58.0,40.0,39.0
ta_gtt,250.0,205.0,238.0,247.0,72.0,109.0,70.0,86.0,41.0,36.0,11.0,15.0
ta_gtg,236.0,188.0,268.0,268.0,72.0,112.0,86.0,95.0,28.0,34.0,19.0,22.0
ta_gtc,267.0,245.0,261.0,287.0,76.0,132.0,114.0,103.0,21.0,39.0,21.0,21.0
ta_gta,269.0,257.0,335.0,328.0,85.0,135.0,113.0,131.0,36.0,42.0,32.0,31.0
ta_ctt,283.0,244.0,293.0,317.0,85.0,119.0,105.0,107.0,29.0,32.0,17.0,23.0
ta_ctg,251.0,212.0,268.0,319.0,96.0,114.0,83.0,92.0,26.0,21.0,25.0,27.0
ta_ctc,224.0,270.0,263.0,309.0,92.0,124.0,98.0,105.0,27.0,18.0,23.0,24.0
ta_cta,202.0,206.0,273.0,280.0,88.0,128.0,97.0,92.0,28.0,38.0,31.0,27.0
ta_att,427.0,323.0,390.0,465.0,115.0,208.0,170.0,160.0,48.0,68.0,34.0,46.0
ta_atg,319.0,232.0,337.0,360.0,90.0,151.0,96.0,134.0,40.0,43.0,30.0,27.0
ta_atc,226.0,219.0,282.0,297.0,79.0,131.0,92.0,108.0,36.0,37.0,26.0,16.0
ta_ata,547.0,433.0,455.0,439.0,131.0,227.0,157.0,138.0,74.0,69.0,31.0,32.0
ca_aca,791.0,637.0,764.0,874.0,239.0,364.0,264.0,309.0,98.0,90.0,67.0,75.0
ca_acc,384.0,416.0,468.0,604.0,161.0,258.0,196.0,236.0,61.0,46.0,49.0,51.0
ca_acg,266.0,274.0,308.0,352.0,109.0,162.0,103.0,129.0,45.0,44.0,37.0,33.0
ca_act,396.0,421.0,454.0,588.0,178.0,241.0,185.0,191.0,63.0,59.0,38.0,29.0
ca_cca,386.0,433.0,484.0,559.0,160.0,284.0,187.0,228.0,56.0,67.0,52.0,50.0
ca_ccc,288.0,315.0,366.0,415.0,111.0,195.0,110.0,138.0,46.0,60.0,40.0,33.0
ca_ccg,172.0,169.0,191.0,243.0,78.0,118.0,78.0,114.0,,25.0,17.0,23.0
ca_cct,335.0,412.0,408.0,557.0,100.0,234.0,130.0,171.0,47.0,59.0,40.0,28.0
ca_gca,325.0,295.0,299.0,375.0,83.0,151.0,94.0,143.0,34.0,37.0,35.0,32.0
ca_gcc,186.0,177.0,219.0,231.0,46.0,103.0,68.0,97.0,32.0,36.0,26.0,24.0
ca_gcg,135.0,52.0,53.0,65.0,16.0,27.0,17.0,30.0,12.0,14.0,14.0,7.0
ca_gct,171.0,174.0,159.0,235.0,59.0,96.0,76.0,73.0,26.0,22.0,24.0,15.0
ca_tca,414.0,431.0,444.0,573.0,150.0,276.0,167.0,202.0,69.0,68.0,29.0,47.0
ca_tcc,317.0,391.0,376.0,504.0,125.0,203.0,134.0,174.0,50.0,61.0,34.0,30.0
ca_tcg,197.0,178.0,196.0,198.0,65.0,105.0,68.0,79.0,23.0,32.0,14.0,21.0
ca_tct,403.0,588.0,611.0,745.0,186.0,380.0,222.0,285.0,94.0,103.0,49.0,65.0
cg_aca,960.0,588.0,772.0,791.0,253.0,316.0,309.0,321.0,112.0,106.0,63.0,62.0
cg_acc,190.0,239.0,258.0,306.0,79.0,183.0,118.0,156.0,43.0,42.0,23.0,33.0
cg_acg,318.0,159.0,235.0,197.0,66.0,91.0,90.0,71.0,31.0,35.0,15.0,18.0
cg_act,598.0,512.0,622.0,606.0,193.0,379.0,227.0,241.0,84.0,86.0,53.0,55.0
cg_cca,188.0,257.0,251.0,331.0,82.0,184.0,137.0,136.0,51.0,48.0,20.0,21.0
cg_ccc,49.0,185.0,120.0,221.0,54.0,166.0,85.0,102.0,44.0,34.0,24.0,20.0
cg_ccg,132.0,106.0,140.0,146.0,38.0,98.0,68.0,57.0,18.0,28.0,18.0,
cg_cct,179.0,349.0,323.0,428.0,91.0,305.0,210.0,172.0,80.0,83.0,46.0,42.0
cg_gca,364.0,167.0,192.0,187.0,75.0,87.0,71.0,84.0,27.0,29.0,19.0,19.0
cg_gcc,139.0,127.0,134.0,144.0,39.0,94.0,45.0,61.0,24.0,29.0,8.0,11.0
cg_gcg,163.0,45.0,56.0,51.0,23.0,23.0,15.0,21.0,6.0,10.0,6.0,8.0
cg_gct,280.0,161.0,207.0,200.0,62.0,104.0,78.0,82.0,27.0,35.0,25.0,19.0
cg_tca,552.0,522.0,580.0,629.0,201.0,337.0,252.0,258.0,86.0,79.0,63.0,70.0
cg_tcc,197.0,339.0,331.0,473.0,104.0,303.0,180.0,176.0,68.0,62.0,33.0,36.0
cg_tcg,294.0,175.0,226.0,223.0,79.0,132.0,68.0,81.0,29.0,32.0,12.0,15.0
cg_tct,652.0,919.0,923.0,1120.0,288.0,643.0,436.0,395.0,158.0,150.0,98.0,96.0
ct_aca,2066.0,1939.0,2286.0,2613.0,647.0,1109.0,806.0,837.0,241.0,289.0,170.0,211.0
ct_acc,777.0,1155.0,1175.0,1481.0,295.0,702.0,451.0,464.0,178.0,126.0,100.0,98.0
ct_acg,1071.0,677.0,925.0,893.0,245.0,404.0,387.0,395.0,154.0,132.0,107.0,83.0
ct_act,1385.0,1277.0,1430.0,1693.0,417.0,768.0,503.0,561.0,174.0,170.0,126.0,115.0
ct_cca,791.0,1160.0,1158.0,1456.0,323.0,650.0,470.0,519.0,158.0,153.0,119.0,120.0
ct_ccc,656.0,1000.0,945.0,1245.0,215.0,473.0,383.0,365.0,127.0,128.0,108.0,110.0
ct_ccg,664.0,572.0,682.0,794.0,194.0,360.0,265.0,289.0,118.0,119.0,87.0,85.0
ct_cct,824.0,1182.0,1230.0,1632.0,365.0,682.0,475.0,510.0,160.0,188.0,132.0,138.0
ct_gca,1055.0,704.0,880.0,953.0,256.0,416.0,335.0,404.0,167.0,148.0,95.0,78.0
ct_gcc,696.0,558.0,738.0,736.0,212.0,357.0,295.0,308.0,112.0,118.0,93.0,93.0
ct_gcg,624.0,340.0,479.0,481.0,134.0,213.0,225.0,242.0,108.0,97.0,76.0,86.0
ct_gct,728.0,605.0,756.0,858.0,193.0,363.0,297.0,315.0,124.0,103.0,64.0,78.0
ct_tca,1446.0,1214.0,1537.0,1676.0,407.0,731.0,539.0,552.0,190.0,187.0,131.0,123.0
ct_tcc,849.0,1191.0,1255.0,1636.0,337.0,728.0,466.0,488.0,149.0,146.0,116.0,127.0
ct_tcg,774.0,624.0,747.0,872.0,213.0,400.0,287.0,324.0,110.0,111.0,70.0,73.0
ct_tct,1257.0,1281.0,1355.0,1701.0,392.0,695.0,470.0,600.0,177.0,162.0,129.0,118.0
